"Subject"	"Activity"	"tBodyAcc-mean()-X-avg"	"tBodyAcc-mean()-Y-avg"	"tBodyAcc-mean()-Z-avg"	"tBodyAcc-std()-X-avg"	"tBodyAcc-std()-Y-avg"	"tBodyAcc-std()-Z-avg"	"tGravityAcc-mean()-X-avg"	"tGravityAcc-mean()-Y-avg"	"tGravityAcc-mean()-Z-avg"	"tGravityAcc-std()-X-avg"	"tGravityAcc-std()-Y-avg"	"tGravityAcc-std()-Z-avg"	"tBodyAccJerk-mean()-X-avg"	"tBodyAccJerk-mean()-Y-avg"	"tBodyAccJerk-mean()-Z-avg"	"tBodyAccJerk-std()-X-avg"	"tBodyAccJerk-std()-Y-avg"	"tBodyAccJerk-std()-Z-avg"	"tBodyGyro-mean()-X-avg"	"tBodyGyro-mean()-Y-avg"	"tBodyGyro-mean()-Z-avg"	"tBodyGyro-std()-X-avg"	"tBodyGyro-std()-Y-avg"	"tBodyGyro-std()-Z-avg"	"tBodyGyroJerk-mean()-X-avg"	"tBodyGyroJerk-mean()-Y-avg"	"tBodyGyroJerk-mean()-Z-avg"	"tBodyGyroJerk-std()-X-avg"	"tBodyGyroJerk-std()-Y-avg"	"tBodyGyroJerk-std()-Z-avg"	"tBodyAccMag-mean()-avg"	"tBodyAccMag-std()-avg"	"tGravityAccMag-mean()-avg"	"tGravityAccMag-std()-avg"	"tBodyAccJerkMag-mean()-avg"	"tBodyAccJerkMag-std()-avg"	"tBodyGyroMag-mean()-avg"	"tBodyGyroMag-std()-avg"	"tBodyGyroJerkMag-mean()-avg"	"tBodyGyroJerkMag-std()-avg"	"fBodyAcc-mean()-X-avg"	"fBodyAcc-mean()-Y-avg"	"fBodyAcc-mean()-Z-avg"	"fBodyAcc-std()-X-avg"	"fBodyAcc-std()-Y-avg"	"fBodyAcc-std()-Z-avg"	"fBodyAccJerk-mean()-X-avg"	"fBodyAccJerk-mean()-Y-avg"	"fBodyAccJerk-mean()-Z-avg"	"fBodyAccJerk-std()-X-avg"	"fBodyAccJerk-std()-Y-avg"	"fBodyAccJerk-std()-Z-avg"	"fBodyGyro-mean()-X-avg"	"fBodyGyro-mean()-Y-avg"	"fBodyGyro-mean()-Z-avg"	"fBodyGyro-std()-X-avg"	"fBodyGyro-std()-Y-avg"	"fBodyGyro-std()-Z-avg"	"fBodyAccMag-mean()-avg"	"fBodyAccMag-std()-avg"	"fBodyBodyAccJerkMag-mean()-avg"	"fBodyBodyAccJerkMag-std()-avg"	"fBodyBodyGyroMag-mean()-avg"	"fBodyBodyGyroMag-std()-avg"	"fBodyBodyGyroJerkMag-mean()-avg"	"fBodyBodyGyroJerkMag-std()-avg"
1	"LAYING"	0.279536213763948	0.0217000886183405	0.113680721224464	0.9645358050701	0.948531531886981	0.948747674315594	0.284662467961373	0.71157408058226	0.577494796915594	0.955906893619456	0.971563087856938	0.960428856792561	0.0800221561095851	0.0219481248357511	0.0218341793997067	0.979814453619456	0.971098598555079	0.979837644320458	0.0363401466853843	0.0994815235373963	0.120801498164521	0.965673115537911	0.963415040701001	0.964200759756795	0.103728997319886	0.0414892471088112	0.0643848397828326	0.973969683118741	0.979527157038627	0.983547448183119	0.951557034542203	0.944011827197425	0.951557034542203	0.944011827197425	0.979529332775393	0.973616263261803	0.942295152818312	0.939061200288984	0.982154530643777	0.973906832188841	0.969283279656652	0.956165526811159	0.960504112389127	0.96308799239628	0.947842817855508	0.946720124925608	0.979743035436338	0.971394464492132	0.976894283462089	0.981801072260372	0.972935288669528	0.981411873719599	0.960398335477396	0.96663671769671	0.964119075665236	0.967847367639485	0.962135424005722	0.967560602188841	0.952883464088698	0.946014774174535	0.974083525236051	0.972041591959943	0.951917267854077	0.940774164283262	0.975729968426323	0.973281946895565
2	"LAYING"	0.279151133656549	0.0339606466218892	0.121161938713602	0.960741912632242	0.946043388968514	0.947422388671285	0.428154096719144	0.658896597874055	0.71795544374937	0.943729788400504	0.961740552984761	0.950453503880353	0.0823765642288413	0.0274787858919018	0.0270423912513867	0.983488187178841	0.97643663884131	0.982703664559194	0.0425646568016877	0.0967735425115869	0.129492082610831	0.970908297329975	0.966507700163728	0.964845898853904	0.101834141552393	0.0389437237215995	0.0652646250918136	0.981742902997481	0.983586398564232	0.98790640290932	0.935502844094458	0.93142641252267	0.935502844094458	0.93142641252267	0.982566586725441	0.979898746146096	0.938445369445844	0.945765273287154	0.985673264382872	0.982042396599496	0.968293799282116	0.95338645456927	0.960039070579345	0.958234855982368	0.94547124584131	0.94526313821801	0.983226688413098	0.976428924282116	0.980255589105793	0.985364281309824	0.978243567153652	0.983774383186398	0.968137260768262	0.9718078252267	0.967128732921914	0.972062482279597	0.964168280994962	0.96746936395466	0.947010493921914	0.933000814560453	0.979720439584383	0.979135864924433	0.960638180352645	0.946224903463476	0.982680494118388	0.982263331032746
3	"LAYING"	0.278442559924242	0.0192175057393939	0.102572132224242	0.979375209924242	0.957891632045455	0.96546924780303	0.296368700833333	0.781683920606061	0.590922289621212	0.980948726969697	0.985300913030303	0.974600639848485	0.0760470124621212	0.0169655101447727	0.0153671407845492	0.979068044015152	0.969951131818182	0.980727491136364	0.032146173167803	0.0765915145113636	0.114585438871212	0.974077531818182	0.971316830606061	0.966360520378788	0.101228591128788	0.0402850854522727	0.0638761919090909	0.982156699621212	0.983365790530303	0.981975716287879	0.971220926969697	0.962070306439394	0.971220926969697	0.962070306439394	0.97935107719697	0.972685460530303	0.957249689924242	0.952678543560606	0.985850709848485	0.979447225984848	0.977549755378788	0.960535895151515	0.969387365151515	0.980166804848485	0.958507223181818	0.9653520975	0.978590694318182	0.970313413939394	0.977271627121212	0.981652686060606	0.971781231515152	0.982953384924242	0.971027302954545	0.972834117954545	0.965118309469697	0.975192022272727	0.970722768106061	0.96987781530303	0.964101230984848	0.966070759318182	0.972767605606061	0.97147786280303	0.963215612651515	0.953958382651515	0.980854129318182	0.978810107651515
4	"LAYING"	0.273571564240741	0.0177519291944444	0.110688150314815	0.954193738888889	0.941714042407407	0.962667314814815	0.420664662222222	0.915165104259259	0.341531310555556	0.929658760740741	0.969816635740741	0.976176608888889	0.0934494217777778	0.0218165750248704	0.016202623287037	0.978302781111111	0.942209488333333	0.978511984259259	0.0405373633166667	0.0930128180759259	0.169720404092593	0.973102422222222	0.961109291851852	0.962073755	0.105019877685185	0.0396723454074074	0.0716482260185185	0.975103204259259	0.986855629814815	0.983965359814815	0.954557603148148	0.931292216611111	0.954557603148148	0.931292216611111	0.970095771666667	0.960786430740741	0.930236462592593	0.947031781666667	0.985068502037037	0.982698213703704	0.958802077592593	0.938883374444444	0.967504278888889	0.952464881481481	0.946380971111111	0.962154454259259	0.978542457407407	0.943969987222222	0.975383329444444	0.980079292592593	0.944366881666667	0.980261236296296	0.967203736481482	0.972187839074074	0.961479262592593	0.975094739444444	0.956182500185185	0.965807466666667	0.939389701296296	0.937187975962963	0.96228712537037	0.958037119259259	0.961556660185185	0.947100325185185	0.983609073333333	0.982543631666667
5	"LAYING"	0.278334325576923	0.0183042123269231	0.107937603673077	0.965934509615385	0.969295613269231	0.968562516346154	0.483470597692308	0.954890346153846	0.263644691923077	0.945695336153846	0.985964053846154	0.977076645	0.0848164824230769	0.0144726245384615	0.0107604013646154	0.983307862115385	0.964560430961538	0.985419368461538	0.0304267001036538	0.0819761064615385	0.159894366942308	0.979498706538461	0.977427370576923	0.960583776923077	0.102114125	0.0405188453557692	0.07083096875	0.983422257692308	0.983759479230769	0.989679592307692	0.966777882884615	0.958612786346154	0.966777882884615	0.958612786346154	0.980141253846154	0.977477145384615	0.946938300576923	0.958287921923077	0.9864194225	0.98377138	0.968741678461538	0.965419520961538	0.977007724615385	0.964953893653846	0.972909186730769	0.965882191153846	0.982689657115385	0.965328566153846	0.983250309423077	0.985625270384615	0.96624258	0.986135599038461	0.975797491730769	0.978249645769231	0.963202948461538	0.980705769807692	0.977257800961538	0.963305738076923	0.962234984038462	0.962525369423077	0.977356379807692	0.976381934807692	0.968257068846154	0.959263063269231	0.984618025769231	0.983434493076923
6	"LAYING"	0.291501714175439	0.0208835081298246	0.133119570368421	0.934049422052632	0.924644826385965	0.925216100350877	0.47670987877193	0.956593814210526	0.184888923803509	0.936228163333333	0.959161956491228	0.928130738421053	0.0979936425789474	0.0278259538659649	0.0267931312807018	0.966341054736842	0.933674494385965	0.959646055263158	0.044765321945614	0.112263994352632	0.179102058245614	0.955378225087719	0.943634949473684	0.939141878596491	0.111267284631579	0.0452944568533333	0.0736308960350877	0.939611608245614	0.958628819649123	0.959579071578947	0.918878850824561	0.92448425368421	0.918878850824561	0.92448425368421	0.954750504912281	0.950341934385965	0.908980174736842	0.920914497017544	0.955645738245614	0.953157001578947	0.939114254210526	0.923706791403509	0.938044912280702	0.932462941461404	0.929711219929825	0.924004748421053	0.967072436842105	0.936043420175439	0.954425844736842	0.968619159473684	0.935717452807018	0.963567540877193	0.935439769649123	0.941771544385965	0.932636612807018	0.962164978596491	0.945365097894737	0.947136774385965	0.920330884859649	0.926778533508772	0.948655471052632	0.951552664035088	0.930153639473684	0.928694890175439	0.953695957368421	0.955504654561404
7	"LAYING"	0.276859240576923	0.0262663763461538	0.103641472538462	0.93651361	0.926262668653846	0.952978365961539	0.502814250576923	0.393444278076923	0.907537823461538	0.928551117980769	0.955543549230769	0.961908984423077	0.0968904018076923	0.0317885831365385	0.0228444349859615	0.980977756153846	0.973093160192308	0.972983064230769	0.0395451762001923	0.133605695057692	0.155920029769231	0.9601268225	0.945071935384615	0.955294890576923	0.105944243484615	0.0385666601096154	0.0726073316538462	0.9738372325	0.976483727307692	0.988871878269231	0.936392023846154	0.914482636461538	0.936392023846154	0.914482636461538	0.980127239615385	0.967310932307692	0.915793634807692	0.918662459038462	0.983008829038462	0.971205137884615	0.953424245576923	0.942193953846154	0.958611644615385	0.931120580576923	0.922917902307692	0.953380646346154	0.980393046923077	0.972531648846154	0.969524977692308	0.983560175384615	0.975886145	0.975072995192308	0.953684547692308	0.957570207692308	0.956905310961538	0.962348254423077	0.939727873653846	0.9588764125	0.927976880634615	0.913742793573077	0.968066259230769	0.965359228076923	0.941130719230769	0.918892518653846	0.974117912115385	0.969403035384615
8	"LAYING"	0.277626980796296	0.0231918605637037	0.110638441537037	0.94304121537037	0.93489116	0.932491454407407	0.405930036111111	0.589922434814815	0.719831539259259	0.927247821222222	0.957990036481482	0.943971752740741	0.0878326902592593	0.0273228608751852	0.0305668593196296	0.973253042222222	0.976520952037037	0.96608757462963	0.0508700885611111	0.1031084456	0.13818830737037	0.965204017592593	0.952039385740741	0.96758975462963	0.106445008314815	0.0427994840907407	0.0694123150925926	0.969924077407407	0.974186451851852	0.987601203703704	0.935308633888889	0.924437675925926	0.935308633888889	0.924437675925926	0.97314748962963	0.962954517222222	0.924253348518518	0.932470764444444	0.978438191296296	0.969029111666667	0.953538563888889	0.951816663703704	0.944269514074074	0.940125298333333	0.931236756962963	0.931146497518519	0.973110596111111	0.975877437407407	0.962111136666667	0.975959911481481	0.979170881666667	0.968699222962963	0.957903886111111	0.957411160185185	0.967461239074074	0.967846360740741	0.950316470925926	0.970671966481481	0.933738514481481	0.923356970574074	0.961792852407407	0.963791094259259	0.944528950555556	0.93678697	0.968403945925926	0.971793279814815
9	"LAYING"	0.2758463472	0.021956576058	0.10754972144	0.94233309	0.9162927764	0.9407072854	0.5802528348	0.3059187578	0.9578730416	0.9435057246	0.9699944882	0.9712046902	0.08807344764	0.028111613626	0.0182926260544	0.9647404702	0.9639966798	0.958562455	0.03495182702	0.159181284302	0.106379223078	0.9422465098	0.9266185314	0.9615953704	0.10384667982	0.036447860384	0.0569490475	0.945329035	0.9621702422	0.9770761602	0.9308684376	0.91832217224	0.9308684376	0.91832217224	0.9633745492	0.9550268052	0.9071250998	0.8985578738	0.964524819	0.9528015598	0.946865494	0.9343665984	0.9459190006	0.9409810272	0.9128367508	0.9419711636	0.964304065	0.9640828062	0.955909215	0.9686013042	0.966634136	0.9597147176	0.930297921	0.9345796594	0.9598150092	0.9463891504	0.9231319366	0.965686312	0.9266042952	0.922264227206	0.9543205856	0.9550947122	0.9186053356	0.9034005814	0.9558062546	0.9522904702
1	"SITTING"	0.274984190896825	0.0210361436093492	0.10983520682873	0.984665198444444	0.939224141426984	0.952133389	0.862998803301587	0.188028770023651	0.21486960312673	0.980774192111111	0.958058396612698	0.958128925806349	0.0768582403607937	0.0267580839733254	0.0226140081535378	0.987343665380952	0.978227730761905	0.985579878285714	0.0402132082014286	0.0981101445119048	0.116935584828317	0.984792646333333	0.972488997444444	0.962276750301587	0.0952587094063492	0.0425987396704286	0.0563121145235556	0.990434392825397	0.989766953587302	0.987174224698413	0.960966641904762	0.948071170809524	0.960966641904762	0.948071170809524	0.985529394634921	0.983310028253968	0.950688084190476	0.956794858031746	0.991198858015873	0.988796343222222	0.984890654095238	0.95204726111746	0.964759011304762	0.984677012365079	0.936535907109524	0.948833846533333	0.987552598349206	0.978321815047619	0.983226154507936	0.988285094476191	0.979776333634921	0.986556381190476	0.982282438301587	0.977232061825397	0.965268691269841	0.985671156047619	0.970227440968254	0.964865593444444	0.958657152731746	0.94953615375873	0.983292653142857	0.982246717761905	0.969046851587302	0.956754933730159	0.989446137492063	0.988471666444444
2	"SITTING"	0.275576212533784	0.020024798480473	0.11013004466	0.986617434013514	0.949492012467122	0.946693733016216	0.888321506581081	0.167534094040059	0.21602884908077	0.983347240445946	0.967080885437838	0.952439815725676	0.0770071522782838	0.0236786043941632	0.0224719276495405	0.987230196337838	0.977442820094595	0.983900477405405	0.0376021669782514	0.0876627687906757	0.116999946185946	0.985494086783784	0.970105997689189	0.964406026581081	0.0964796065932432	0.0413415761326027	0.0543917202622676	0.988973811972973	0.987601324608108	0.986394243405405	0.962482685445946	0.951051250127297	0.962482685445946	0.951051250127297	0.984762960986487	0.981884052743243	0.954665198486486	0.958704488391892	0.989586162135135	0.986677652189189	0.98599558222973	0.957483436148649	0.962632629662162	0.987001485283784	0.948699859221622	0.942496017167568	0.987297042054054	0.977323147972973	0.981291113067568	0.988352483324324	0.979329309716216	0.985144454040541	0.982380187851351	0.975183279878378	0.966634950608108	0.986534008594595	0.967709071067568	0.967037296256757	0.960419230081081	0.953430646967568	0.981350683162162	0.981487184175676	0.969416194743243	0.959229953216216	0.987142736540541	0.986726794283784
3	"SITTING"	0.269131754469298	0.0304583936280702	0.107361654958772	0.977869617807018	0.90080052877193	0.922583405614035	0.859969518333333	0.145122637951298	0.268664053052632	0.968767403245614	0.934073661842105	0.929769295263158	0.0747045151938596	0.0392452531734211	0.0386783362864912	0.982297439473684	0.968201139385965	0.982005202368421	0.0374571094131579	0.0925271732175439	0.129900559304912	0.977779240964912	0.962053039912281	0.941989573596491	0.0990727527807018	0.0417689449610526	0.0606760404265789	0.984142885350877	0.986171309385965	0.981568470175439	0.929159139824561	0.909785783596491	0.929159139824561	0.909785783596491	0.97926088245614	0.977159456666667	0.939201416140351	0.944620186561404	0.986558041842105	0.984662746491228	0.978233119298246	0.92571857622807	0.944248822280702	0.977928315964912	0.895523105438596	0.918286108421053	0.982469262807018	0.968438617017544	0.979075704912281	0.983752919385965	0.970297741842105	0.983583446578947	0.973585789473684	0.97022271377193	0.949222058333333	0.979146816403509	0.95820724868421	0.94514089754386	0.934499191140351	0.912107843947368	0.976732060438597	0.976753226403509	0.961464093070175	0.943975831736842	0.985431962982456	0.984443404035088
4	"SITTING"	0.27153827992	0.025570167594	0.10902976788	0.980309931	0.89315010692	0.9322030066	0.8693030064	0.225060223411106	0.11012048108	0.9814052948	0.93272710386	0.9509492546	0.07906525862	0.0398782697494	0.029268195358	0.9767421962	0.9445961056	0.9790387658	0.04944351156	0.08943006108	0.13314104482	0.9701317904	0.9584681204	0.9279722294	0.09694948424	0.041848389996	0.0522865223312	0.9698997312	0.984441358	0.9688048316	0.93569482	0.9144078448	0.93569482	0.9144078448	0.9701322836	0.9625491104	0.9260633138	0.928898293	0.9804904618	0.9758066902	0.9774624984	0.9057829318	0.9517837432	0.9819081892	0.8939621082	0.9269993168	0.9768457126	0.9442983908	0.9751549056	0.9787769122	0.949293158	0.9816994482	0.9605896358	0.9675836478	0.9337768922	0.973333107	0.954120419	0.9328683544	0.929002095	0.9198157096	0.9625007338	0.9615845194	0.9487697524	0.9288505544	0.9765477634	0.9762617538
5	"SITTING"	0.273694139545455	0.0250495209022727	0.110214021584091	0.980945022045455	0.904335121022727	0.926094740227273	0.880731443863636	0.196560123181818	0.154459191025	0.983137541590909	0.939942979795454	0.945008999545455	0.0749577410909091	0.0312566989159091	0.0269864338017273	0.975204850227273	0.952786261136364	0.973436529545455	0.0422355209795455	0.0835484079545455	0.133341176977273	0.966225485	0.950064068181818	0.940637937045455	0.0889747665681818	0.0454702982386364	0.0568142400068182	0.966037012045455	0.975433911363636	0.964878512727273	0.9379783225	0.920939027727273	0.9379783225	0.920939027727273	0.969320155681818	0.965757731590909	0.934301646590909	0.931414810454545	0.973848287045455	0.970392610454546	0.977450812045455	0.921434735681818	0.946064216818182	0.9825908425	0.902504313536364	0.92184351	0.976024951136364	0.954237489772727	0.969501330681818	0.976530547272727	0.954464442045455	0.97602233	0.957117251818182	0.955460359318182	0.938003425909091	0.969390369318182	0.947571471590909	0.947346476590909	0.936290604545455	0.925669291136364	0.964440302272727	0.966545323409091	0.944760322045455	0.934746865454545	0.971598370227273	0.970675403409091
6	"SITTING"	0.276778487454545	0.0220340655654545	0.110127728709091	0.980164933636364	0.923682131090909	0.925797097090909	0.933692934909091	0.127095549172727	0.152705819219273	0.988872369272727	0.960875994727273	0.955475832363636	0.0754721635223636	0.0237934626692727	0.0263124924529091	0.969929476363636	0.945143686181818	0.958572952545454	0.0383953757267273	0.0899083302550909	0.1175794832	0.957367681818182	0.944130044727273	0.939681350909091	0.0936693524363636	0.0400678825189091	0.0513248123203636	0.943714804727273	0.961780726363636	0.958787671272727	0.949543531272727	0.931572655636364	0.949543531272727	0.931572655636364	0.962733502	0.948181827818182	0.932703812181818	0.921259472727273	0.962929227818182	0.950150571818182	0.975351454727273	0.928264365454545	0.935798115272727	0.982451284727273	0.925676956	0.925768475636364	0.971037479818182	0.947070821272727	0.954199785636364	0.971488767454545	0.946880042	0.961636555090909	0.939671400545455	0.943857393090909	0.934764895454545	0.963407046545455	0.944901470363636	0.947326797818182	0.935750391272727	0.939547202909091	0.948348653636364	0.947304700363636	0.929725679272727	0.929549141636364	0.952034566	0.951196693454545
7	"SITTING"	0.284674637291667	0.02124989850375	0.123976769416667	0.972668374583333	0.909454698541667	0.865602804395833	0.969147824375	0.02422431294375	0.0680646642979167	0.957082433333333	0.945436264583333	0.897671189166667	0.0797197484791667	0.0357593162185417	0.060534692576875	0.982158098125	0.969458676458333	0.972256472708333	0.04966567109125	0.121552754347917	0.14222823593125	0.941870953333333	0.944124336458333	0.937021208541667	0.0960536511333333	0.0456617129583333	0.051863493125	0.974369045625	0.981024680625	0.980954665416667	0.918432107083333	0.8870989260625	0.918432107083333	0.8870989260625	0.976559676458333	0.970243274166667	0.897870535	0.898063314375	0.981665122291667	0.976214430208333	0.972697126875	0.93149063375	0.904675337916667	0.972879966041667	0.904629195833333	0.8597228575	0.982037243958333	0.969423612916667	0.968503504791667	0.984026344375	0.971814980208333	0.974699194375	0.9436317575	0.956678065	0.9474199325	0.9427264225	0.93824472	0.939826018125	0.90895677625	0.888200115916667	0.970954184166667	0.9684948675	0.933081955208333	0.895804978125	0.978634991458333	0.97496593875
8	"SITTING"	0.267491472934783	0.0235463858130435	0.107449282782609	0.979026152391304	0.931185968630435	0.939553030217391	0.832453878043478	0.240095117065217	0.263895185521739	0.966757967173913	0.938075532543478	0.935475331521739	0.0786713761086957	0.0329876853745217	0.0238530872734783	0.985188753695652	0.980784606086957	0.985285807173913	0.0547396987173913	0.118159216347826	0.140585247934783	0.984524052826087	0.97150069673913	0.959623548478261	0.0923150250434783	0.0413092184130435	0.0517347352695652	0.993264647391304	0.98887627673913	0.985241405434783	0.952139704347826	0.929943615630435	0.952139704347826	0.929943615630435	0.986061512173913	0.980667377391304	0.93268224326087	0.953001632173913	0.991807428043478	0.986756670869565	0.981142909782609	0.94421971826087	0.959436275869565	0.978256730652174	0.930770722826087	0.933889846521739	0.984977270652174	0.980221104565217	0.982995311086956	0.986913610652174	0.983038783478261	0.986185349347826	0.982200309782609	0.97658989	0.961798676956522	0.985339301521739	0.96892443326087	0.962632253913044	0.947981783478261	0.93172124	0.980932292391304	0.97932021173913	0.965806789347826	0.953251156521739	0.987730604130435	0.986147262608696
9	"SITTING"	0.26427079834	0.027659477592	0.11512961134	0.9572277914	0.875141405	0.84170459428	0.9163245106	0.0799452446422	0.155883815828	0.9552804062	0.94645197	0.88585411242	0.077982020426	0.035672805378	0.059755478981	0.9645358564	0.9567775448	0.9618894376	0.042697879614	0.13697819024	0.0984831275692	0.9590200492	0.9191882264	0.9301768338	0.0930708106	0.049628640328	0.054047629126	0.9645323452	0.9719274472	0.9687388914	0.8933617176	0.8637564342	0.8933617176	0.8637564342	0.964383757	0.9517802432	0.9032355368	0.9066063206	0.9733641366	0.9663610734	0.959413594	0.911683219	0.8922013438	0.956903459	0.86761360746	0.840322198824	0.9655962396	0.9580073906	0.9575269752	0.9666604036	0.9585229866	0.9649413418	0.950315237	0.9396930078	0.940312313	0.9618360162	0.910583361	0.9341874784	0.8977181972	0.8691725114	0.9530504408	0.9493949814	0.9344377378	0.9064712292	0.9683155878	0.9659970148
1	"STANDING"	0.278882600384047	0.0190757122444313	0.109142902048198	0.988010737119645	0.948167787119645	0.955266568335303	0.937704378788774	0.208372025385524	0.136170845727386	0.988435441506647	0.974985027976366	0.963681880605613	0.0754503937023781	0.0190574412947666	0.0177299466063619	0.985425378641063	0.972652082333826	0.985006808389956	0.032173031705096	0.0801747803387002	0.0886899773463811	0.956218805228951	0.971906217976366	0.969332018744461	0.101209125021418	0.0420683112187592	0.0532603557994978	0.977224431669129	0.986238824387002	0.984404961624815	0.965629093988183	0.960240920871492	0.965629093988183	0.960240920871492	0.983089446912851	0.980155293781388	0.953467119556869	0.944439483633678	0.985410199660266	0.981930330635155	0.986124464977843	0.956247133825702	0.968893559261448	0.989007365878877	0.946919675716396	0.95171642196455	0.985403822141802	0.972655898700148	0.982394789867061	0.986824121299852	0.974765954711965	0.986285736587888	0.956536966927622	0.975085923013294	0.970677320221566	0.956885181905465	0.970436784756278	0.9717701005613	0.967528626706056	0.962115298936485	0.979604941595273	0.979809614357459	0.960765061019202	0.944357937754801	0.982862580605613	0.981758593914328
2	"STANDING"	0.278594557601523	0.0190156159536066	0.108433267618033	0.985641358477157	0.93530970142132	0.943850532982234	0.937151874111675	0.211572290645685	0.105749489277457	0.989694757005076	0.973419144974619	0.957998813426396	0.0752563394352792	0.0209985603538249	0.021560090921901	0.980343683477157	0.963868513337563	0.979259780114213	0.0310399992905076	0.0761600405042259	0.0869989183404822	0.946764964111675	0.96158355534264	0.959639990774112	0.100737489164213	0.042381863218401	0.0535254528307614	0.965242550736041	0.980067963604061	0.976878590634518	0.957118452220812	0.950755032423858	0.957118452220812	0.950755032423858	0.977099086840101	0.971413821548223	0.944883327906091	0.932475761624366	0.977945227969543	0.972795904733503	0.982708162538071	0.944314879467005	0.958795212652284	0.987113619670051	0.934431491269036	0.940117370063452	0.980362902373096	0.964101611738579	0.97584545677665	0.982171038337563	0.966340273121827	0.98137517035533	0.944069295812183	0.965242291535533	0.960302251903553	0.948377292271574	0.959915073451777	0.963228017538071	0.958327178908629	0.953887432271574	0.971183913515228	0.970743881662437	0.949319841357868	0.933890002779188	0.97398418357868	0.972989673845178
3	"STANDING"	0.278604054666667	0.0227139235816667	0.108636729107683	0.97206084425	0.892566873666667	0.912122876166667	0.951514359083333	0.208628885175	0.0680709887741667	0.9891006695	0.957779538916667	0.93850909125	0.0751644931740833	0.0300998459834167	0.030363875777725	0.962664081833333	0.949372566083333	0.9710131615	0.0320031982841667	0.0791077492866667	0.0889419170666667	0.905844153666667	0.93413937525	0.92144546125	0.0995860111041667	0.0476254047041667	0.0557931607716667	0.950368513083333	0.968286866583333	0.96446473575	0.927959340666667	0.915844979666667	0.927959340666667	0.915844979666667	0.965165170666667	0.949749555333333	0.902808280333333	0.884643742333333	0.967578507333333	0.9568517535	0.9659696415	0.913680239416667	0.938810571416667	0.975091470833333	0.889060744833333	0.906023311	0.96267730025	0.950350289583333	0.966086118	0.966296776833333	0.952058005416667	0.974788824	0.908392056416667	0.941604016416667	0.926805117916667	0.90677081375	0.931161659	0.927331756833333	0.9294658705	0.921785511833333	0.950953123916667	0.94743638875	0.915534497833333	0.886110702083333	0.959796021083333	0.95608264525
4	"STANDING"	0.280499745892857	0.03151476982875	0.121362258017857	0.97692058	0.86159737875	0.896880538392857	0.95619779125	0.0759009061071429	0.166893825946429	0.972908355892857	0.917613464821429	0.900444320446429	0.0754846669142857	0.0428309944855893	0.0405260574617857	0.972586541964286	0.938354677857143	0.973054201071429	0.0461053325642857	0.0984848749107143	0.0988891404464286	0.909687974464286	0.949227146964286	0.909995038571429	0.107719175071429	0.0461257201357143	0.0525645608475	0.949633878571429	0.976065174642857	0.957982019464286	0.906478051785714	0.890976683392857	0.906478051785714	0.890976683392857	0.963370738392857	0.958159482142857	0.900982100535714	0.885144317678571	0.967614073928571	0.964282784285714	0.973497549642857	0.889549205	0.93164342125	0.978737637678571	0.857380281803571	0.887554317678571	0.972310894285714	0.937624242142857	0.968648411607143	0.975706723571429	0.944075308928571	0.976229505535714	0.905464161964286	0.955992945178571	0.915280955357143	0.912464793928571	0.945825840178571	0.91665163125	0.917614014821429	0.895340042142857	0.956139283571429	0.96003249875	0.914209165714286	0.887194404285714	0.964471139464286	0.9664302175
5	"STANDING"	0.282544390892857	0.0260810381655357	0.116063644625	0.968591815714286	0.869439913392857	0.869327321785714	0.960188699107143	0.0394239729821429	0.138638436607143	0.974088206071429	0.931973943392857	0.914608495714286	0.0736124160178571	0.0373734167267857	0.0428907672501786	0.962647080178571	0.931217140714286	0.963832118928571	0.0423103510066071	0.0940906173928571	0.0915275133946429	0.910395222321429	0.933738104107143	0.907471555714286	0.0958063466607143	0.0439599099892857	0.0533283795553571	0.941930044107143	0.961177741607143	0.944755343035714	0.906104701071429	0.87977380125	0.906104701071429	0.87977380125	0.956863566071429	0.942962047678571	0.900671630714286	0.867041711785714	0.958405900892857	0.947970723571429	0.964500917321429	0.890796360535714	0.915083799107143	0.97066840875	0.867933178017857	0.858231387857143	0.963059235178571	0.93137020875	0.958438726607143	0.965778920714286	0.936202600714286	0.96807230125	0.909661802321429	0.939373524464286	0.907190836607143	0.912780915714286	0.931857811428571	0.91678935625	0.9046413925	0.886745170714286	0.941825903035714	0.943601960178571	0.904543921607143	0.868913993928571	0.952286438035714	0.946196462857143
6	"STANDING"	0.280346248596491	0.0210846906824561	0.113186157105263	0.981758159649123	0.921493191754386	0.925692371929825	0.945139003859649	0.230251036140351	0.117635166233333	0.985583066842105	0.96844910122807	0.942795062280702	0.0739352686666667	0.016435454755614	0.0278453832438596	0.973132635789474	0.949362277017544	0.967547241754386	0.0296993040859649	0.0806357360385965	0.085059329754386	0.947561298596491	0.94248658631579	0.947782155964912	0.103292534210526	0.0440464367192982	0.0546639042070175	0.946423593157895	0.962422163684211	0.962758177192982	0.945022876491228	0.939310249649123	0.945022876491228	0.939310249649123	0.967102436140351	0.956099145964912	0.939404744385965	0.915891572982456	0.963406222982456	0.952536233859649	0.977100287368421	0.930336471754386	0.942864017017544	0.984067374035088	0.921449111052632	0.922067224210526	0.97348053877193	0.951405464912281	0.963743518070175	0.975235677719298	0.950681450350877	0.969895845789474	0.931612384385965	0.943273146140351	0.943239602105263	0.952817395263158	0.942539174210526	0.95445570245614	0.945949804035088	0.94456410754386	0.955914005438597	0.95538157877193	0.926664297017544	0.923108761578947	0.955425138245614	0.952088499473684
7	"STANDING"	0.282723539433962	0.0187267205641509	0.107212354245283	0.979307570377358	0.923400921886792	0.917064168490566	0.958728687924528	0.117607048924528	0.150458983716981	0.987917503962264	0.966162998679245	0.939161014716981	0.0751915112830189	0.0192373318781132	0.0355526512718868	0.976403544716981	0.965810609622642	0.972060053207547	0.0291823278549057	0.081282104	0.0851045000566038	0.945247687358491	0.949646946792453	0.951630777358491	0.0966540860849057	0.0429257888867925	0.0556813810188679	0.96598339754717	0.976837757358491	0.978166790943396	0.942724659245283	0.933590156792453	0.942724659245283	0.933590156792453	0.973381306226415	0.968566356037736	0.943425564528302	0.918438958867924	0.977377083018868	0.97210793	0.976681834339623	0.941883783773585	0.938550519811321	0.980541336037736	0.919118753018868	0.912358813773585	0.976323086226415	0.967165093018868	0.968229643018868	0.978729082830189	0.966850290188679	0.974533710754717	0.938121637735849	0.957548671320755	0.957165056226415	0.947891986226415	0.945818157735849	0.954339406415094	0.945611450377358	0.93728796509434	0.967417888301887	0.969092161886792	0.93870498490566	0.919848139056604	0.973671168679245	0.971899418301887
8	"STANDING"	0.279620986111111	0.0197585200481481	0.111945014792593	0.988815418148148	0.938479429074074	0.937090241111111	0.957669921111111	0.0904603488214815	0.13190067037037	0.987690217222222	0.958904114074074	0.937189412592593	0.0753739045185185	0.0285818744412963	0.0356639084161111	0.989198879814815	0.976442140740741	0.982610899259259	0.0277904707351852	0.100198506566667	0.0910156944444444	0.972990379814815	0.969421045555556	0.974118322407407	0.097757576	0.0485190684259259	0.0511973788259259	0.981573085740741	0.985508765185185	0.989270900740741	0.953762884074074	0.938491629222222	0.953762884074074	0.938491629222222	0.984920797777778	0.979932239074074	0.952848496851852	0.95322478962963	0.987580587777778	0.982460332222222	0.988219862222222	0.9500491	0.950362935555556	0.98918374962963	0.936231722777778	0.935094352407407	0.989029238518519	0.976177675	0.979477193333333	0.990414086851852	0.97858173	0.984465744444444	0.969677435925926	0.972595487037037	0.975512276666667	0.974200997592593	0.968055495925926	0.975976456111111	0.953746070740741	0.938919139233333	0.979745872037037	0.979135440925926	0.964564224074074	0.954119826296296	0.983709233333333	0.981832336296296
9	"STANDING"	0.282310057333333	0.0216269613888889	0.102590396044444	0.975741252444444	0.938635759333333	0.919295805777778	0.961323502222222	0.0367925717495556	0.140679728977778	0.989103160444444	0.972573867555556	0.932245295111111	0.0760032053555556	0.0198565778875556	0.0303046678397778	0.969973398888889	0.963849332888889	0.970584264666667	0.0308714245237778	0.0845493786071111	0.0992409332222222	0.921990612	0.946046640444444	0.939889737333333	0.0981377865333333	0.0419199574333333	0.0620548745844444	0.949105691555556	0.975036530444444	0.969726483555556	0.945167482444444	0.936105010444444	0.945167482444444	0.936105010444444	0.969524578888889	0.963764177777778	0.921030223111111	0.908291403111111	0.969824044222222	0.965287050888889	0.971662692	0.944849431777778	0.941686874222222	0.977579248444444	0.938790016888889	0.913896832222222	0.971313768666667	0.962624298888889	0.967129200444444	0.971278823333333	0.968234579555556	0.972588748666667	0.916974437555556	0.954514301555556	0.941510336	0.924738576444444	0.941950576888889	0.944942811777778	0.946330171777778	0.940265546444444	0.963242884	0.963593159555556	0.929769067777778	0.910909659555556	0.967491628	0.964770799111111
1	"WALKING"	0.27486626812983	0.021857692785626	0.109286480837713	0.302317858306012	0.149347544727434	0.311025870027558	0.925749440293663	0.221947012550232	0.14486709507728	0.977548137357032	0.967108636707882	0.953467873106646	0.189410005052859	0.189516515847792	0.16328308230606	0.279452054999552	0.190827559723215	0.512225500196754	0.0769147903153014	0.0969670738137357	0.0949122138830672	0.484324428725502	0.328619592121036	0.334457913473107	0.155050092498496	0.132953640919134	0.132744384257821	0.389323590645904	0.532871914009892	0.467580627270325	0.17318787112272	0.327507002728485	0.17318787112272	0.327507002728485	0.253741445393986	0.252863230170495	0.280951359949923	0.387101242310355	0.469661526176507	0.531637559297372	0.283551684731221	0.159570846786955	0.367929951294436	0.313429253037713	0.152919302713849	0.332912481644652	0.309122627968114	0.212566311280774	0.481384045799073	0.294778962515502	0.199354685943679	0.54308346878932	0.397784324655796	0.386137710819165	0.315795183800278	0.51952905183592	0.314347514125672	0.405035774231839	0.279511806651036	0.467298189296754	0.254527861385533	0.263539787050046	0.415536621153941	0.469835176306182	0.535053047590417	0.560511342329212
2	"WALKING"	0.276922402717042	0.0217172720419584	0.108725464870418	0.33445851907717	0.16077139712545	0.28943852185209	0.933467414308682	0.213204226832797	0.129754455732154	0.976403485691318	0.967582282009646	0.955161244244373	0.180332999974035	0.178332082193167	0.164541935574646	0.298496511763762	0.20615150759367	0.44176652916881	0.0826311384122508	0.0966389311670418	0.0984390547044212	0.478578280109325	0.439510253850482	0.334881566038907	0.141999089369442	0.129606090274244	0.146274993713103	0.391127978326367	0.551839580265273	0.453159872410611	0.204647307972418	0.356931260872476	0.204647307972418	0.356931260872476	0.256682392357717	0.2512718887209	0.308656133444357	0.41750986035	0.468098588406431	0.524094604901543	0.314882566630145	0.165617114602572	0.332875566981672	0.345870511288264	0.192586511559968	0.310435947901286	0.328927755097428	0.234679064103215	0.418990827399357	0.326132844982315	0.207488780110791	0.465514002766399	0.356817796098553	0.452718201069823	0.315456935728778	0.519621833980707	0.436804037878939	0.40374968763344	0.301196637629743	0.499866532508039	0.255133634490579	0.258667439621768	0.443263664819325	0.484261351369775	0.536753344476495	0.531563435401286
3	"WALKING"	0.276010992439024	0.02088201089	0.105249982262602	0.352978195121951	0.133316383637398	0.248886951268293	0.951679121382114	0.20686184804878	0.0810052832121138	0.978818395528455	0.966488647398374	0.947793670325203	0.173828820005122	0.15800506389187	0.144089357827642	0.324548622235772	0.190116418956911	0.52518752300813	0.0611416382398374	0.0910009746089431	0.0873863204455285	0.474660756829268	0.301556745985366	0.322488287544715	0.118030038611382	0.137497517373984	0.12533116547439	0.425251896666667	0.564329432764228	0.504716165934959	0.223220662382114	0.345045935528455	0.223220662382114	0.345045935528455	0.318112209837398	0.254679640213821	0.264337080364959	0.405793432227642	0.516425285203252	0.556594091300813	0.334998389325203	0.158253368658537	0.35804084300813	0.361125045691057	0.173360707005691	0.253925399219512	0.349560924308943	0.232460263243902	0.489243552601626	0.359239069837398	0.201166547457642	0.56037687504065	0.404338811626016	0.361014915372602	0.331866351463415	0.500927983252032	0.320915685952033	0.383155986138211	0.317686782764228	0.46349650699187	0.271944576853659	0.243103426288293	0.458034292113821	0.473524586585366	0.575975686422764	0.56467275902439
4	"WALKING"	0.278582015166667	0.0203572609941667	0.11140306485	0.440829971333333	0.104145328535	0.586252806833333	0.963999696833333	0.0858540265666667	0.127764112666667	0.983826494833333	0.967963221	0.962968112	0.118074159118333	0.15704121468	0.099263985855	0.297042612533333	0.221165131581667	0.7513913825	0.0737798408171667	0.0753879256016667	0.0855981320216667	0.511773645666667	0.665394092833333	0.662608226	0.178682092925	0.0949713768133333	0.0813432531633333	0.492341066833333	0.807419937	0.640454132833333	0.312050574166667	0.527679103166667	0.312050574166667	0.527679103166667	0.366700879833333	0.316918956	0.497977660606667	0.5818728645	0.6813040365	0.7301463685	0.426719449666667	0.15429582613	0.631005470833333	0.447234929666667	0.120425723724833	0.594198325666667	0.358883413666667	0.279553391533333	0.728991595666667	0.29732607245	0.211913789233333	0.772359087333333	0.379262981333333	0.688460056666667	0.601381129166667	0.554041737	0.654657770166667	0.716458475166667	0.450804558333333	0.651172628166667	0.318587811	0.320458701	0.611076430316667	0.626508681833333	0.724327420666667	0.757768081166667
5	"WALKING"	0.27784234625	0.0204591688589821	0.107741776464286	0.295820897803571	0.0974388988017857	0.45702143625	0.972624959821429	0.100440285303571	0.0232708532875	0.979348381428571	0.961585474821429	0.964580803928571	0.214179397821429	0.239380792841071	0.135455182285179	0.302891024625	0.104713024675	0.612895318571429	0.0708558274667857	0.0773536921428571	0.0857385470892857	0.490877497857143	0.504622029821429	0.318700615178571	0.1417910367625	0.0986837309732143	0.108150567089286	0.357681403285714	0.57143812375	0.169281227305357	0.167755040823214	0.377178733392857	0.167755040823214	0.377178733392857	0.288333024071429	0.282242276785714	0.355933083571429	0.492176823571429	0.444532485357143	0.48919974625	0.289830899482143	0.0702293635089286	0.490251090714286	0.301632873410714	0.0860876868910714	0.483059957321429	0.344954806428571	0.181840277151071	0.590496615535714	0.3213903195	0.0958763671910714	0.633429995714286	0.372668749642857	0.513951718392857	0.2162802025	0.529392790178571	0.502683380535714	0.420367075178571	0.304992488892857	0.519636926071429	0.269481661080357	0.305685376071429	0.484262828928571	0.589741506785714	0.548053574821429	0.455665300892857
6	"WALKING"	0.283658868070175	0.0229236089338596	0.110303165877193	0.296538717368421	0.165400139635088	0.504324207192982	0.958067455087719	0.214694852280702	0.0331888826842105	0.977779896491228	0.964248568070175	0.957205025789474	0.203664977045614	0.267210517105263	0.102744670950877	0.148555894291228	0.105450529189474	0.575777466491228	0.0722129309789474	0.0806104229649123	0.0856502549807018	0.446020952631579	0.331702267894737	0.383139334736842	0.141529791540351	0.142067934008772	0.137509263147368	0.237015101578947	0.416390246140351	0.219267404689474	0.166840713631579	0.266734167368421	0.166840713631579	0.266734167368421	0.195581014859649	0.11165281877193	0.281207841122807	0.36560291677193	0.321290483140351	0.365810081754386	0.190941078052632	0.15807376027193	0.498520164385965	0.34522769	0.109347594797018	0.550474621754386	0.164575366385965	0.122966046294737	0.541438616140351	0.195044933466667	0.106299661907018	0.608624354210526	0.243298522182456	0.341378429473684	0.212386820224561	0.515323854385965	0.332008706842105	0.512209233508772	0.204514041122807	0.421683093508772	0.118932935321053	0.113508884596491	0.329681123368421	0.510648322631579	0.366557154108772	0.408368063026316
7	"WALKING"	0.275592961754386	0.020459270745614	0.110912234947368	0.327243240701754	0.190069242982456	0.169654210103509	0.932566472280702	0.159097003684211	0.166908864333667	0.979851271403509	0.969404155087719	0.952159770526316	0.191551649940351	0.156300062478947	0.258261217263158	0.346026226140351	0.18523502654386	0.155240851826667	0.0682717407519298	0.0874356343789474	0.0940483255508772	0.503313517017544	0.23109830545614	0.396013535263158	0.141165786442561	0.143527197876667	0.118622761859298	0.230568005838596	0.184044660170175	0.458302971403509	0.103643481424561	0.198554708385965	0.103643481424561	0.198554708385965	0.193462711210526	0.114042266694737	0.305959351403509	0.205768025903509	0.300022779964912	0.174440476949123	0.343048405789474	0.168988283094737	0.0948069833257895	0.322034908070175	0.20454953445614	0.147540019096667	0.383715797719298	0.177314795153158	0.131595252542456	0.365314790947368	0.194570227578947	0.192546111101754	0.318395104666667	0.167877833650877	0.366733617894737	0.563615256666667	0.290859379017544	0.463270018245614	0.157398553421053	0.351706780526316	0.106232322395088	0.136529690280702	0.199725094808246	0.343894914947368	0.180321016804035	0.190536723478947
8	"WALKING"	0.27468631	0.0329954197727083	0.107510210333333	0.175989106585417	0.380782052708333	0.239965918479167	0.913586347916667	0.217102194583333	0.186451763017146	0.974752050208333	0.956781505625	0.956640104791667	0.210487947666667	0.281693690354167	0.213211902706458	0.2586886278125	0.237936508958333	0.383200596479167	0.09817151592875	0.100196426915	0.109694591314583	0.209080437604167	0.2119972775	0.236824193677083	0.281109517860417	0.1556256309875	0.1863098091125	0.2460827504375	0.428055700208333	0.388446971666667	0.110321481927083	0.181488148266667	0.110321481927083	0.181488148266667	0.112824447739167	0.190514508979167	0.0516554046095833	0.245040798541667	0.339129269583333	0.502957255416667	0.247389011875	0.316982393333333	0.245832239416667	0.161002221233333	0.32484493125	0.2572131247625	0.311198711041667	0.104829051566667	0.361563262083333	0.27349438025	0.319526328020833	0.410885799729167	0.157056511691667	0.259729692333333	0.2225817733125	0.243411179229167	0.1908057215	0.229286485729167	0.105351521397917	0.360818978541667	0.136409005733333	0.277736598375	0.301241848645833	0.3310774379375	0.473026230833333	0.581240190833333
9	"WALKING"	0.278502842115385	0.0210205732807885	0.110820512307692	0.238353562692308	0.201696960826923	0.0703771830992308	0.951867079615385	0.0555987509346154	0.127850593554231	0.980971973653846	0.971242423076923	0.955523995576923	0.161232657036538	0.131385820152115	0.181105371905769	0.207699512846154	0.276929933846154	0.409764526153846	0.119934002442308	0.0826927111038462	0.115118741565385	0.476163506730769	0.467054167884615	0.265683521346154	0.147619418253846	0.125980703796154	0.20908828581	0.526985309038462	0.549200228076923	0.457881494038462	0.0987569593835769	0.37942877	0.0987569593835769	0.37942877	0.203733615519231	0.317113487115385	0.294542266826923	0.489725811538462	0.510253995769231	0.599866472692308	0.294711163653846	0.257677616153846	0.250806259788462	0.218019977423077	0.223972558596154	0.0562110976073077	0.314265401346154	0.367706595	0.399541245192308	0.178669548134808	0.228380473480769	0.419104362884615	0.383676120961538	0.436905860576923	0.240222512134615	0.507404512692308	0.490990336346154	0.342367223269231	0.318801022711538	0.513891953269231	0.316870715576923	0.322337536730769	0.513797480384615	0.562714528653846	0.602581618269231	0.624351923653846
1	"WALKING_DOWNSTAIRS"	0.288492641276	0.025564835219855	0.109903954328356	0.229181451428142	0.22254884249956	0.2895494236019	0.92016145912	0.196224137662	0.14261690535174	0.94534781562	0.93407171654	0.90927184754	0.25521896241667	0.18170386856556	0.18599694703864	0.19356097682592	0.23829494109006	0.41538605945816	0.2867640826403	0.16424119535082	0.13556326134952	0.3897537847698	0.386651119424	0.318175572373	0.17273746824108	0.14795923940066	0.17258403531596	0.4867938434706	0.500305877282	0.38795836452066	0.22051586072526	0.1976206036718	0.22051586072526	0.1976206036718	0.20266601891834	0.20037256157818	0.22575068136832	0.32642088129412	0.460546901204	0.4982400601752	0.18455938557734	0.22353353401604	0.29157395657686	0.25451181851594	0.2141849083332	0.32100464529604	0.19948034777018	0.2482348117776	0.3744472174416	0.196216453919074	0.24561972664662	0.4614111647756	0.34043690696218	0.3857639875122	0.2911519857594	0.4131767489224	0.39740274079464	0.3767652991912	0.231630152379	0.1653872233378	0.2078731009026	0.20383093156128	0.3638069335884	0.39870407043064	0.48983556969488	0.541850969437
2	"WALKING_DOWNSTAIRS"	0.290229993020833	0.0250124757112121	0.106402689260417	0.172392333952083	0.214490504066402	0.260664171446591	0.922429557727273	0.179716105825758	0.144036988446212	0.950604743409091	0.935054737083333	0.917765408560606	0.27150788312714	0.203364296533845	0.181443423812216	0.191921233945133	0.178176790972161	0.388100442494186	0.269764592410275	0.160044791729032	0.141029883866117	0.337978660551326	0.39338262774053	0.319420035104167	0.177515704485871	0.134642630620833	0.150237683365246	0.33486361179072	0.504998872430871	0.373032530155114	0.166144359676705	0.177572710462841	0.166144359676705	0.177572710462841	0.177455122075189	0.180064700889356	0.180826170806307	0.289440953329129	0.42269208129072	0.453384412361174	0.179103291579205	0.201421914207955	0.272789149493561	0.184528778386174	0.209916103499072	0.290764747922159	0.206540159224188	0.188918847633712	0.355045695094697	0.197926598164773	0.190001265436364	0.431356113566023	0.220834118111742	0.392760794714205	0.239241451723295	0.38461056151572	0.404401223097727	0.404784365787879	0.199636585858182	0.122197780298864	0.193794804586572	0.187712295138163	0.327383142830871	0.374304678158958	0.457172138429545	0.484479707676894
3	"WALKING_DOWNSTAIRS"	0.287721946648649	0.0258605505547748	0.109596954710811	0.142691775711712	0.129408801371171	0.284530140351351	0.949638397027027	0.171789860882883	0.0660035778193694	0.954992787837838	0.93078126036036	0.887501001441441	0.230179096815315	0.192470153264865	0.140465476456847	0.206816722391892	0.219760844272973	0.513273661441441	0.282662301378468	0.162436460842342	0.113245609272973	0.295618007664865	0.400762241657658	0.360234622576577	0.163056607445045	0.128586851797297	0.124521194379279	0.432272521036036	0.643439552792793	0.444914154837838	0.137831055483063	0.120947903886486	0.137831055483063	0.120947903886486	0.270460700967568	0.172346897468468	0.174894128467568	0.292562233387387	0.545303654774775	0.602766575675676	0.158801456671171	0.136059729654054	0.323117729576577	0.14322662091964	0.147162667868468	0.317683104533333	0.210572013240541	0.232407329010811	0.456798307297297	0.25968497121982	0.241751369581649	0.569951906666667	0.240171227353153	0.433982445585586	0.282523144944144	0.324351993797027	0.387000179072072	0.449510115945946	0.128267640441441	0.208160642432883	0.1715605962	0.193820257397479	0.347516592638108	0.347666047878378	0.59934656972973	0.636413285045045
4	"WALKING_DOWNSTAIRS"	0.279965329555556	0.0220610293733333	0.1067775246	0.13993232044	0.229502381774444	0.479185977111111	0.947731858666667	0.0620852772955556	0.148714808888889	0.955258881333333	0.932066041111111	0.937753794444444	0.275445037602222	0.158338054284444	0.116422767402222	0.160572748906889	0.193683571231111	0.626646986888889	0.262939130133333	0.0895642824866667	0.106278463391111	0.370244695288889	0.699453537111111	0.498480800444444	0.164153968355556	0.0702218418155556	0.101186401631111	0.395995494444444	0.816858240222222	0.334375241844444	0.117820355504444	0.1401359242	0.117820355504444	0.1401359242	0.230583036252667	0.216858921977778	0.3466062928	0.3805726254	0.592843014888889	0.637079543555556	0.142202126488889	0.192891280977778	0.494683451555556	0.153896858724444	0.32291517508	0.512694303111111	0.17625679286	0.213594416597778	0.583917371333333	0.212482269295556	0.207857655815556	0.668867334444444	0.250736772475556	0.717545840444444	0.321595803866667	0.414919000955556	0.691518367333333	0.621658471333333	0.124601705515556	0.263644030288889	0.18121035322	0.280426776955556	0.429213369555556	0.457674088	0.621752455777778	0.685470931777778
5	"WALKING_DOWNSTAIRS"	0.29354392712766	0.0282202529829787	0.101445870489362	0.275046110468085	0.166847180657447	0.325891435319149	0.956649352553192	0.0618065947255319	0.0229223666327043	0.950490938510638	0.912363420851064	0.927192732978723	0.262117632204255	0.16940376403617	0.106538061768085	0.118400252942553	0.1436585599	0.52265163787234	0.281415610885106	0.0960173518531915	0.0839824011276596	0.46064684487234	0.409134149148936	0.227869042382979	0.222850051829787	0.146444494137234	0.127062220991489	0.411302217446809	0.514591487234043	0.125937696751064	0.211138853638298	0.205422375957447	0.211138853638298	0.205422375957447	0.122002663425532	0.0979012643021277	0.218029835319149	0.360678305253192	0.39719562106383	0.450303212340426	0.13713886893617	0.17339960587234	0.374740089574468	0.336554724893617	0.147436095734043	0.353397850212766	0.0976175753297872	0.133170261906383	0.491979946170213	0.140256171595745	0.159242837597447	0.551178075319149	0.309179146021277	0.382483075106383	0.115089844018511	0.51494094106383	0.431552775319149	0.374705187021277	0.165927821787234	0.0840562511787234	0.0949681918119149	0.128900087382979	0.349543051608511	0.484141274255319	0.453697247021277	0.487128422553191
6	"WALKING_DOWNSTAIRS"	0.277045258145833	0.029261306910625	0.107209356208333	0.383681639791667	0.360553265398125	0.329686607587083	0.928531455208333	0.214046334375	0.01648295407625	0.9544062675	0.93357760125	0.934378766458333	0.376604563083333	0.235148670196667	0.143238586160417	0.168095526020833	0.279022245995833	0.3830435455625	0.302875249854167	0.159030117389583	0.0962438125747917	0.252278317310417	0.252123521883333	0.122680297310417	0.14803034093125	0.147839908647917	0.171357383208333	0.291963945247917	0.272937271895833	0.246251132460417	0.333754731458333	0.373611914166667	0.333754731458333	0.373611914166667	0.136998400875	0.230021944875	0.14654252725125	0.210184722102083	0.217093377208333	0.25577499532625	0.328308506041667	0.339771173822917	0.323593193416667	0.403369766666667	0.289545470791667	0.408696362	0.142576074189583	0.160040856429167	0.371522235	0.113197454568917	0.344251298770833	0.414154892208333	0.24259892636875	0.21294747695625	0.18656452449375	0.309860700264583	0.290724439	0.275667262770833	0.395958034583333	0.154799859520833	0.250679562785417	0.200419437947917	0.23378096965	0.28029210065	0.261408877927083	0.251752011883958
7	"WALKING_DOWNSTAIRS"	0.28030708	0.0218397699489362	0.0974919473957447	0.167767287970213	0.20368850536383	0.213378192458511	0.930623632765957	0.12987167306383	0.165473781234043	0.964875962978723	0.952678693617021	0.92875646893617	0.245286058251064	0.181342097389362	0.226051201902128	0.154309060564894	0.3074876971	0.347107758021277	0.275860068961702	0.113969792861702	0.163287403459362	0.407744096	0.29262613606383	0.401051415531915	0.159478287821277	0.14378649187234	0.148166788034043	0.510731018297872	0.303430548782979	0.425200371553192	0.142043193202128	0.223098430251702	0.142043193202128	0.223098430251702	0.177170725866596	0.1489851612	0.194472335851064	0.259751603446809	0.399229959148936	0.304868925957447	0.164376774765957	0.220692403191489	0.175839604914894	0.171596613317021	0.22599863006383	0.25212528763617	0.134887544704255	0.326442261893617	0.296494902765957	0.160487742765957	0.331912115085106	0.397774503468085	0.33930147	0.221601451617021	0.301146720446809	0.432730974446809	0.351717743191489	0.495120053191489	0.234924674148936	0.0953853602808511	0.149862898957447	0.158487298634043	0.255562467617021	0.396909651702128	0.296830085106383	0.355817513551064
8	"WALKING_DOWNSTAIRS"	0.283484089210526	0.0236912823868421	0.107598135394737	0.0779462588894737	0.343826273105263	0.157084360552632	0.914023498421053	0.187610243421053	0.155573873788947	0.945766561578947	0.941580934473684	0.897190012631579	0.237134784710526	0.187873909705263	0.209666145026316	0.252151785363158	0.289532834421053	0.125944602152632	0.329948061973684	0.14546133035	0.184035781326053	0.270042403742105	0.0902183499210526	0.145429837868421	0.145480184760526	0.182319228226842	0.188516812655263	0.272096732092105	0.133518878663158	0.190731621184211	0.176599311818421	0.146234953057895	0.176599311818421	0.146234953057895	0.264391203363158	0.253489423721053	0.125288532428947	0.124126601660526	0.142240976157895	0.188505496631579	0.141762341492105	0.388412779763158	0.182129857571053	0.0902393807447368	0.237655338684211	0.114728279642105	0.218598097605263	0.227357988289474	0.144217202781579	0.203247021434211	0.279535227173684	0.135176211052632	0.183799795078947	0.152990048921053	0.0890212171455263	0.311081828	0.100839266260526	0.268253406210526	0.301626757315789	0.165078760421053	0.331528459921053	0.188544802710526	0.134105405536842	0.268548733684211	0.167156610471053	0.271641623157895
9	"WALKING_DOWNSTAIRS"	0.295923445	0.0286022482599286	0.100126138395238	0.215211010690476	0.25642886587619	0.264517689452381	0.938417773333333	0.0398667319342857	0.108994725409286	0.952141220714286	0.936306558809524	0.876641297380952	0.297143069190476	0.173183744880952	0.180959417119048	0.10094781115	0.311607274023809	0.359513362761905	0.270942088607143	0.0904756109333333	0.151386582547619	0.396429197952381	0.340765233142857	0.279685150191905	0.165068416457143	0.124970169395238	0.161483172702381	0.509669314047619	0.448602451190476	0.417239550952381	0.154839935683333	0.272424064634762	0.154839935683333	0.272424064634762	0.16364008077619	0.148155165352381	0.170998595919048	0.322331464761905	0.469028434047619	0.455855425238095	0.132519812897619	0.232508441952381	0.242608884723095	0.250488758869048	0.307377121333333	0.257485885952381	0.10841733057381	0.313643041809524	0.302134380642857	0.117962442752381	0.358443956857143	0.425377408333333	0.326850945904762	0.312512195452381	0.251130718066667	0.423558773952381	0.364282565714286	0.356561471714286	0.238572894619048	0.135596036738095	0.134261958883333	0.1801565835	0.347540226666667	0.424170737142857	0.463172053809524	0.485158906904762
1	"WALKING_UPSTAIRS"	0.261167739942857	0.0315393841170577	0.11772922073875	0.253501588153161	0.152443814966607	0.271565920205536	0.863515035303571	0.308162531464286	0.201997477295505	0.949092600785714	0.928400063053571	0.902500229267857	0.190419339129304	0.159940139298714	0.160866657557679	0.379257090398214	0.349110330451964	0.642271919744643	0.255694343925839	0.202621278402818	0.170085291031071	0.486739812156607	0.364850393609464	0.402863760610893	0.161632223046982	0.130628488135786	0.139173859504643	0.590419539029286	0.675419433625	0.59322512300375	0.140661328199875	0.245543725034136	0.140661328199875	0.245543725034136	0.401598129528036	0.405059358362857	0.24786646759	0.373309582771286	0.622871948962321	0.688972858017857	0.307573735215518	0.189814776376786	0.412891803834821	0.237823505510893	0.158567276753125	0.262522007570946	0.410484721766071	0.375839311207143	0.608016651960714	0.402133908484125	0.361709866595357	0.676366051089286	0.433830294566607	0.459261825345446	0.392793499533214	0.509470439046429	0.363694373787321	0.441778444942857	0.268125905045	0.3468687337625	0.3722654903475	0.458383335140714	0.449450877343571	0.400147801911071	0.675328649392857	0.7308304911875
2	"WALKING_UPSTAIRS"	0.262531409912478	0.0331993925969069	0.124875966242531	0.24630442289942	0.142571517456186	0.229263219750615	0.867569126502636	0.301180577135325	0.19361082223471	0.947070668453427	0.929403715676626	0.905775795483304	0.186672439003533	0.171162200226344	0.158858164152671	0.355107314425308	0.363204578384886	0.59731411427065	0.261407259276555	0.205765996067768	0.16013919231065	0.494391686599121	0.422630908192109	0.258722309507944	0.163434765486046	0.112683282342144	0.154863631594306	0.550345018347979	0.657853747592267	0.56490293937645	0.155211377004921	0.255355001303866	0.155211377004921	0.255355001303866	0.389412729881019	0.363193806349033	0.230675831899912	0.391542715524605	0.607754455096661	0.654771437908612	0.28941213217891	0.195343587785501	0.348587872913181	0.236466323191213	0.138047758877276	0.231459498018752	0.372800257248858	0.380009887737786	0.5583175756942	0.392177770147364	0.387025694938875	0.635508765518453	0.410250607557469	0.479215684766784	0.312170407278559	0.524205351831283	0.427693544170475	0.285685379363972	0.255532612501406	0.369689789342707	0.33722613812478	0.406144448249912	0.474624752418278	0.441363026695958	0.648757398629174	0.68885493943761
3	"WALKING_UPSTAIRS"	0.266374106919355	0.0399536331597581	0.121862057914516	0.332718336370968	0.115877372406452	0.232945825812258	0.908850094193548	0.300970097258065	0.092411652029371	0.949278983225807	0.91250352516129	0.884797518225806	0.142692146151613	0.168954619382581	0.201169728291935	0.498756658225806	0.430534860999194	0.736538569758065	0.236081996532258	0.20429012271129	0.125676083892903	0.476008882883065	0.347852316841129	0.345158013653226	0.187006669587097	0.132705947632258	0.134338720335484	0.630707210806452	0.758770780322581	0.62151123516129	0.160363089950161	0.330354447991935	0.160363089950161	0.330354447991935	0.520614313548387	0.503400530887097	0.238102294629032	0.313396564604839	0.690270478790323	0.747598352177419	0.406890583120968	0.221204127283871	0.432693280483871	0.306786868540323	0.10522427768871	0.249336524567258	0.516304204596774	0.445825354441855	0.709022659596774	0.525823245967742	0.450972615459677	0.762843936854839	0.436297875169355	0.495113831854839	0.372496801854839	0.494604144295968	0.341145751699194	0.399818719387097	0.360276949112903	0.419957201854839	0.48466412016129	0.533169528951613	0.480107106612903	0.329811222857258	0.746807486370968	0.766932946532258
4	"WALKING_UPSTAIRS"	0.270876696730769	0.0344729506856538	0.114219455519231	0.204933042903846	0.0891975117588462	0.372137777692308	0.946264314423077	0.232944304615385	0.0841675382884615	0.958495235576923	0.923376019038462	0.919619453269231	0.185587800690385	0.170276968030769	0.141123630401923	0.380488027307692	0.282587757826923	0.726495311923077	0.227405560625	0.128441360286538	0.0913613090307692	0.454431043269231	0.551185569230769	0.360811047884615	0.171604863792308	0.0802111978057692	0.126108477665385	0.533666803846154	0.840722752692308	0.556236584807692	0.154686558703846	0.212012300480769	0.154686558703846	0.212012300480769	0.400922254807692	0.437261477884615	0.299779407884615	0.510974134423077	0.686978374423077	0.755270457692308	0.294488270365385	0.144287256803846	0.524655722692308	0.173251899293269	0.108395642182692	0.345109817692308	0.418304647307692	0.298811536858846	0.690106934230769	0.396762584807692	0.314525030788462	0.762772175	0.3710689925	0.684310201538462	0.350765737115385	0.483548693461538	0.489824279230769	0.424533512307692	0.276825498230769	0.301005898461538	0.397406285	0.497324087307692	0.575794072115385	0.552489628846154	0.740749226346154	0.794209483076923
5	"WALKING_UPSTAIRS"	0.270281155617021	0.0366624486506383	0.107471453914894	0.0802904013340426	0.194707221459574	0.308938978787234	0.936821834893617	0.265942569148936	0.024077667396383	0.95357996893617	0.900511719787234	0.92141958	0.253570177404255	0.224504835417021	0.124613947452979	0.223896564340426	0.139183568021277	0.63836903212766	0.26868684193617	0.181028303738298	0.0698569288297872	0.443342262340426	0.440345826382979	0.26545133312766	0.176277958446809	0.0862748447542553	0.176524964793617	0.305245202489362	0.631822048297872	0.282154378489362	0.07700604165	0.143764068531915	0.07700604165	0.143764068531915	0.247403476914894	0.310186545957447	0.235566766565957	0.354687870212766	0.47348816787234	0.557988065531915	0.167539036319149	0.126506923340426	0.457470676808511	0.0624591912574468	0.176647679968085	0.290985072425532	0.289725470425532	0.200123803978723	0.606717464680851	0.22532784293617	0.125560679578723	0.668825711276596	0.26418292106383	0.516609046808511	0.148673094840426	0.501685580212766	0.403486393191489	0.380378006808511	0.169261525	0.254091927148936	0.264674938957447	0.378616675957447	0.392564530851064	0.440445051914894	0.571344138723404	0.572485019787234
6	"WALKING_UPSTAIRS"	0.268229355098039	0.0369951725556863	0.122082438784314	0.057243423965098	0.189276117327451	0.353519514896078	0.913632241568627	0.340732608823529	0.0274052126431373	0.959399425098039	0.912900683137255	0.906196352156863	0.200863332235294	0.173376503921569	0.11589530264902	0.182572178764706	0.104387629578235	0.560830688235294	0.25544996522549	0.179312661316275	0.0736725468572549	0.321973723647059	0.330900206823529	0.185692595462745	0.225483435742549	0.161587911294118	0.171144058176863	0.251168116566667	0.486494120980392	0.181501008201176	0.0442757777409804	0.103072170445098	0.0442757777409804	0.103072170445098	0.208294317137255	0.181541657509804	0.152528527405882	0.233797463372549	0.342895367921569	0.442752186333333	0.137406923352941	0.122200949723529	0.42724809972549	0.0414682652276471	0.159465866043137	0.36587418445098	0.244812769960784	0.143663891586275	0.549314615882353	0.188432151803922	0.115216706276471	0.571673957058824	0.190501356117647	0.345711582213725	0.103866835064706	0.390248128039216	0.330082459686275	0.309998085098039	0.113325561130196	0.222161433666667	0.177552589503922	0.198988492097255	0.259190471745098	0.322586366788235	0.45923633377451	0.45716359627451
7	"WALKING_UPSTAIRS"	0.248706923078431	0.0309156925411765	0.143769688803922	0.29487297445098	0.32616002254902	0.15559649014902	0.81874656	0.240950944117647	0.403599709607843	0.932823053333333	0.939774255490196	0.881675909607843	0.207377654290196	0.125307933980392	0.218431845352941	0.415153115882353	0.519897595686274	0.60780843627451	0.254275086645098	0.105500575258235	0.294297203392157	0.363853236862745	0.572996820784314	0.348980051411765	0.16357762484902	0.101768225252941	0.164078800615686	0.616812659215686	0.671243739607843	0.682184175686275	0.199365942017647	0.33474460745098	0.199365942017647	0.33474460745098	0.458695232352941	0.471265710980392	0.239099165627451	0.418144852156863	0.661969771960784	0.67642807254902	0.336199426470588	0.381590523137255	0.317461021372549	0.279870086215686	0.341025552941176	0.145539926443137	0.454647881960784	0.53707567	0.581764526862745	0.426974025686275	0.53419130254902	0.631919608823529	0.383889342745098	0.567920266470588	0.408150266666667	0.368636961470588	0.579964614705882	0.393062890647059	0.378618761568627	0.415307106666667	0.45478324745098	0.497441363137255	0.533982945882353	0.444994481882353	0.673327281960784	0.704090967843137
8	"WALKING_UPSTAIRS"	0.258880152048781	0.0449496363170732	0.11512211995122	0.171712174634146	0.348768733170732	0.138287990790244	0.860368718780488	0.291341491707317	0.19927202987561	0.926673287804878	0.931032068536585	0.876168930487805	0.231048479889756	0.242519843560976	0.296767500317073	0.193131188146341	0.0985272086292683	0.447518179097561	0.328161255853659	0.247696492980488	0.258036969273171	0.367428367219512	0.157575637029268	0.361433677197561	0.167085960685366	0.254986372902439	0.374561731463415	0.40507069195122	0.424675673414634	0.430366658780488	0.121026629195122	0.227200254219512	0.121026629195122	0.227200254219512	0.144475780143902	0.237235817170732	0.168068130219512	0.137209912414634	0.400664014146341	0.493975031707317	0.170797663441463	0.265731152756098	0.121962409014634	0.175284990170732	0.30540146	0.150433297495122	0.204070391858537	0.108210861063415	0.386655803658537	0.248221061219512	0.123996528385366	0.508248316829268	0.242723551585366	0.139262560260976	0.231822065097561	0.409955580780488	0.180170293960976	0.338999013160976	0.137396813339024	0.409282851707317	0.170878913753659	0.385898177829268	0.234080531634146	0.185858778231707	0.46327057804878	0.575733290731707
9	"WALKING_UPSTAIRS"	0.262436475714286	0.0319910180085918	0.125219003959184	0.36144437755102	0.302206203816327	0.253998300089796	0.902647777755102	0.106862422714286	0.266009866857143	0.954383557142857	0.901317321632653	0.89407107877551	0.192766449506122	0.143642156020408	0.196342395074286	0.335291644693878	0.586147012244898	0.647296002040816	0.305382397061224	0.0835486232359184	0.200499475638776	0.350717659061224	0.400859067959184	0.164676836757551	0.267872535580408	0.108534848069388	0.140738140097959	0.660419534285714	0.708604774693878	0.65711420122449	0.260727581428571	0.400222037142857	0.260727581428571	0.400222037142857	0.440667540204082	0.445485397959184	0.13591398547551	0.430892652857143	0.672840561836735	0.748651255510204	0.342735952653061	0.405022798163265	0.384710423408163	0.369815777346939	0.297641062755102	0.246402286277551	0.402044750408163	0.608498592040816	0.615125710612245	0.327421989591837	0.590112916530612	0.677831082857143	0.339718654020408	0.499159202857143	0.327698671183673	0.364224191061225	0.352033091612245	0.186275495012245	0.372890348979592	0.509929461428571	0.419533108571429	0.484935752040816	0.531482693877551	0.460051418061225	0.734159449387755	0.787781590816326
